"","state","intv.x","total_tests.x","intv.y","total_tests.y","change_in_tests_pct"
"1","LA","msm_annual_hr_msm_quarterly",2398394.00220723,"basecase",2247632.69011393,6.70756003667387
"2","LA","msm_quarterly",2729628.85938848,"basecase",2247632.69011393,21.4446146558813
"3","LA","hr_quarterly",1033265.61105149,"basecase",2247632.69011393,-54.0287158308275
"4","LA","prior_diagnosis_quarterly",1096667.52573845,"basecase",2247632.69011393,-51.2078850533687
"5","MA","msm_annual_hr_msm_quarterly",12422391.6448152,"basecase",12003754.910705,3.48754816492343
"6","MA","msm_quarterly",13311724.0147212,"basecase",12003754.910705,10.8963329703587
"7","MA","hr_quarterly",2945783.24225321,"basecase",12003754.910705,-75.4594852680127
"8","MA","prior_diagnosis_quarterly",2978549.99259439,"basecase",12003754.910705,-75.1865144302629
